seq_idx,pdb_resid,resname,chain,ss_code_stride,ss_full_stride,phi_deg_stride,psi_deg_stride,accessibility
1,28,AS,,C,Coil,60.0,17.24,66.8
2,29,IL,,C,Coil   -,26.64,75.12,15.1
3,30,GL,,C,Coil,65.06,44.42,14.7
4,31,AL,,C,Coil,71.43,48.27,42.6
5,32,VA,,C,Coil   -,22.67,27.79,28.9
6,33,LE,,C,Coil   -,49.33,59.06,20.3
7,34,SE,,C,Coil,84.27,57.63,56.7
8,35,TH,,C,Coil   -,2.44,71.12,60.6
9,36,AR,,H,AlphaHelix,65.22,40.69,85.1
10,37,LY,,H,AlphaHelix,63.5,41.11,78.0
11,38,HI,,H,AlphaHelix,63.66,39.67,41.0
12,39,GL,,H,AlphaHelix,63.34,42.36,43.1
13,40,GL,,H,AlphaHelix,64.08,41.19,64.3
14,41,ME,,H,AlphaHelix,63.49,41.75,22.1
15,42,PH,,H,AlphaHelix,64.36,40.97,18.3
16,43,AR,,H,AlphaHelix,63.42,42.17,58.8
17,44,GL,,H,AlphaHelix,63.57,41.41,63.3
18,45,AL,,H,AlphaHelix,64.16,40.87,8.6
19,46,VA,,H,AlphaHelix,64.38,41.98,42.2
20,47,AS,,H,AlphaHelix,63.26,42.1,62.7
21,48,GL,,H,AlphaHelix,63.74,41.27,64.9
22,49,AL,,H,AlphaHelix,64.71,40.72,32.2
23,50,AS,,H,AlphaHelix,68.32,33.97,70.4
24,51,LY,,H,AlphaHelix,63.72,41.43,90.4
25,52,AR,,H,AlphaHelix,89.79,60.0,123.7
26,58,IL,,C,Coil,60.0,67.06,127.6
27,59,GL,,C,Coil   -,30.74,41.49,94.4
28,60,LE,,C,Coil,92.05,21.83,58.6
29,61,AS,,C,Coil   -,5.82,28.05,110.6
30,62,AL,,C,Coil   -,30.52,44.09,71.1
31,63,TH,,C,Coil   -,22.3,41.21,83.1
32,64,SE,,C,Coil   -,57.65,61.12,83.7
33,65,VA,,C,Coil   -,29.26,32.54,72.5
34,66,TH,,C,Coil   -,48.46,56.5,64.7
35,67,HI,,C,Coil   -,58.8,62.95,86.5
36,68,LY,,C,Coil   -,30.93,51.43,23.4
37,69,PR,,C,Coil,89.81,17.98,114.5
38,70,AS,,C,Coil,98.05,31.33,53.9
39,71,AL,,H,AlphaHelix,62.69,41.82,32.8
40,72,IL,,H,AlphaHelix,62.76,44.48,89.3
41,73,GL,,H,AlphaHelix,68.82,37.8,54.3
42,74,ME,,H,AlphaHelix,65.09,29.11,9.2
43,75,AL,,H,AlphaHelix,60.8,43.18,28.8
44,76,LE,,H,AlphaHelix,77.18,32.43,68.0
45,77,SE,,H,AlphaHelix,64.76,41.92,31.7
46,78,VA,,H,AlphaHelix,66.58,40.09,29.2
47,79,CY,,H,AlphaHelix,63.45,42.75,44.0
48,80,GL,,H,AlphaHelix,63.38,42.31,55.5
49,81,AS,,H,AlphaHelix,64.43,42.36,38.2
50,82,LE,,H,AlphaHelix,64.87,39.24,43.9
51,83,IL,,H,AlphaHelix,65.25,43.04,16.4
52,84,SE,,H,AlphaHelix,70.48,30.07,82.7
53,85,SE,,H,AlphaHelix,74.05,15.6,17.8
54,86,GL,,C,Coil,56.24,37.67,60.4
55,87,VA,,C,Coil   -,59.99,59.15,17.8
56,88,TY,,C,Coil   -,10.47,90.47,36.8
57,89,AL,,C,Coil   -,55.28,2.78,32.8
58,90,IL,,C,Coil   -,23.45,28.65,24.9
59,91,LE,,C,Coil   -,54.19,2.81,51.1
60,92,VA,,C,Coil   -,21.66,68.24,43.8
61,93,SE,,B,Bridge   -,14.11,77.15,46.3
62,94,HI,,C,Coil,77.54,42.98,85.4
63,95,PR,,C,Coil,70.53,54.99,28.4
64,96,PR,,C,Coil,77.1,13.64,122.2
65,97,TH,,T,Turn,65.25,39.34,52.7
66,98,PR,,T,Turn,60.99,34.28,110.1
67,99,AS,,T,Turn,64.88,52.77,85.7
68,100,AS,,T,Turn,51.68,43.46,59.4
69,101,HI,,T,Turn   -,12.42,55.49,77.6
70,102,PH,,T,Turn   -,27.06,6.65,63.8
71,103,TH,,T,Turn,62.44,47.54,38.8
72,104,PR,,H,AlphaHelix,87.03,2.42,34.6
73,105,TH,,H,AlphaHelix,62.36,48.52,32.1
74,106,PR,,H,AlphaHelix,61.47,35.46,33.9
75,107,VA,,H,AlphaHelix,64.61,42.74,30.1
76,108,SE,,H,AlphaHelix,63.53,40.91,19.0
77,109,TY,,H,AlphaHelix,63.22,42.99,134.5
78,110,TH,,H,AlphaHelix,63.57,41.0,33.1
79,111,AL,,H,AlphaHelix,65.03,41.3,21.5
80,112,GL,,H,AlphaHelix,81.1,-9.35,22.7
81,113,PH,,H,AlphaHelix,62.78,43.26,151.2
82,114,TY,,C,Coil,89.55,78.99,83.1
83,115,AR,,C,Coil,91.14,57.11,30.2
84,116,IL,,C,Coil   -,18.53,97.59,32.6
85,117,PR,,C,Coil,61.53,43.2,27.0
86,118,VA,,E,Strand   -,32.11,59.06,33.3
87,119,LE,,E,Strand   -,24.5,31.01,45.6
88,120,GL,,E,Strand   -,1.27,40.82,19.7
89,121,LE,,B,Bridge   -,13.26,25.94,9.1
90,122,TH,,T,Turn,54.84,42.06,11.4
91,123,TH,,T,Turn   -,18.49,88.84,29.2
92,124,AR,,C,Coil   -,1.35,82.95,28.2
93,125,ME,,C,Coil   -,29.02,28.59,31.6
94,126,SE,,H,AlphaHelix,85.55,-8.11,1.8
95,127,IL,,H,AlphaHelix,66.93,36.99,63.0
96,128,TY,,H,AlphaHelix,64.64,41.51,42.1
97,129,SE,,H,AlphaHelix,87.03,-9.69,53.3
98,130,AS,,H,AlphaHelix,66.32,41.45,41.3
99,131,LY,,H,AlphaHelix   -,15.24,16.23,80.6
100,132,SE,,C,Coil,55.39,40.4,83.9
101,133,IL,,C,Coil,64.92,40.48,78.4
102,134,HI,,T,Turn,70.52,62.21,23.2
103,135,LE,,T,Turn,74.66,60.41,72.9
104,136,SE,,T,Turn   -,38.73,46.07,12.8
105,137,PH,,E,Strand,77.38,85.84,40.6
106,138,LE,,E,Strand   -,8.76,34.93,59.1
107,139,AR,,E,Strand   -,19.78,36.9,26.3
108,140,TH,,T,Turn,63.48,42.96,43.3
109,141,VA,,T,Turn,74.78,28.33,14.7
110,142,PR,,T,Turn,62.0,43.39,51.7
111,143,PR,,T,Turn,73.79,75.85,17.5
112,144,TY,,T,Turn,65.51,21.8,116.8
113,145,SE,,T,Turn,67.5,18.96,13.9
114,146,HI,,T,Turn,86.23,66.65,69.6
115,147,GL,,C,Coil,70.51,3.29,47.6
116,148,SE,,H,AlphaHelix,68.93,27.38,8.0
117,149,SE,,H,AlphaHelix,63.58,37.26,37.4
118,150,VA,,H,AlphaHelix,63.11,42.52,23.6
119,151,TR,,H,AlphaHelix,62.46,42.89,40.7
120,152,PH,,H,AlphaHelix,63.56,41.89,38.7
121,153,GL,,H,AlphaHelix,64.52,41.38,29.7
122,154,ME,,H,AlphaHelix,63.57,42.37,36.2
123,155,ME,,H,AlphaHelix,63.38,41.07,31.2
124,156,AR,,H,AlphaHelix,65.19,41.15,79.3
125,157,VA,,H,AlphaHelix,65.72,44.63,73.5
126,158,TY,,H,AlphaHelix,87.12,-0.35,134.9
127,159,SE,,C,Coil,56.79,38.42,83.7
128,160,TR,,C,Coil,73.07,37.2,67.7
129,161,AS,,C,Coil   -,37.45,58.84,58.5
130,162,HI,,C,Coil,58.05,62.41,40.0
131,163,IL,,E,Strand   -,13.57,53.6,29.6
132,164,IL,,E,Strand   -,25.61,56.91,14.6
133,165,LE,,E,Strand   -,29.01,31.97,20.7
134,166,LE,,E,Strand   -,12.05,27.3,42.9
135,167,VA,,E,Strand   -,20.82,40.68,17.7
136,168,SE,,C,Coil,67.78,57.76,19.0
137,169,AS,,C,Coil,67.63,12.46,60.5
138,170,AS,,C,Coil,70.63,66.91,60.3
139,171,HI,,H,AlphaHelix,64.89,35.26,64.5
140,172,GL,,H,AlphaHelix,62.81,43.12,29.0
141,173,GL,,H,AlphaHelix,64.55,41.4,9.5
142,174,AR,,H,AlphaHelix,63.42,42.17,58.0
143,175,AL,,H,AlphaHelix,63.51,42.11,25.5
144,176,AL,,H,AlphaHelix,63.32,42.33,18.0
145,177,GL,,H,AlphaHelix,63.8,41.64,36.4
146,178,LY,,H,AlphaHelix,63.53,42.48,62.5
147,179,AR,,H,AlphaHelix,63.53,42.36,29.5
148,180,LE,,H,AlphaHelix,63.51,41.42,31.5
149,181,GL,,H,AlphaHelix,64.68,40.58,65.5
150,182,TH,,H,AlphaHelix,64.7,40.87,70.3
151,183,LE,,H,AlphaHelix,78.08,13.02,86.8
152,184,LE,,H,AlphaHelix,96.51,4.52,32.1
153,185,GL,,T,Turn,81.52,75.47,70.1
154,186,GL,,T,Turn,55.47,60.0,122.0
155,189,SE,,T,Turn,60.0,98.43,116.8
156,190,LY,,T,Turn,58.92,34.45,69.1
157,191,AL,,C,Coil   -,52.67,73.42,44.6
158,192,GL,,C,Coil,86.84,90.07,43.4
159,193,LY,,C,Coil,74.47,41.93,49.7
160,194,VA,,C,Coil,63.4,44.41,44.8
161,195,LE,,C,Coil,55.4,40.83,70.2
162,196,GL,,C,Coil,66.9,46.07,32.9
163,197,PH,,C,Coil,63.71,48.52,62.4
164,198,AS,,C,Coil,51.61,70.95,41.3
165,199,PR,,C,Coil,62.49,24.06,113.6
166,200,GL,,C,Coil,15.19,28.86,44.4
167,201,TH,,T,Turn,70.98,54.23,54.4
168,202,LY,,T,Turn,64.92,41.02,97.5
169,203,AS,,T,Turn   -,4.51,0.83,146.2
170,204,VA,,T,Turn   -,37.17,3.36,51.1
171,205,TH,,H,AlphaHelix   -,25.11,-8.66,92.0
172,206,AL,,H,AlphaHelix,64.82,40.95,79.7
173,207,LE,,H,AlphaHelix,63.55,42.81,44.8
174,208,LE,,H,AlphaHelix,64.52,41.3,32.4
175,209,ME,,H,AlphaHelix,63.39,42.47,57.8
176,210,GL,,H,AlphaHelix,63.76,41.6,41.9
177,211,AL,,H,AlphaHelix,63.61,41.12,27.1
178,212,LY,,H,AlphaHelix,64.64,40.65,61.9
179,213,GL,,H,AlphaHelix,64.92,41.32,84.4
180,214,LE,,H,AlphaHelix,69.19,19.66,64.1
181,215,GL,,C,Coil,57.18,61.49,23.6
182,216,AL,,B,Bridge   -,8.69,21.13,9.8
183,217,AR,,T,Turn,75.29,34.59,4.7
184,218,VA,,E,Strand   -,9.87,26.59,3.6
185,219,IL,,E,Strand   -,27.39,53.61,44.3
186,220,IL,,E,Strand   -,24.64,10.42,27.8
187,221,LE,,E,Strand   -,18.28,30.5,30.1
188,222,SE,,E,Strand   -,43.94,17.97,25.7
189,223,AL,,C,Coil   -,60.78,68.91,24.5
190,224,SE,,C,Coil,71.25,69.35,64.3
191,225,GL,,H,AlphaHelix,62.66,44.79,48.5
192,226,AS,,H,AlphaHelix,65.08,43.0,73.4
193,227,AS,,H,AlphaHelix,63.82,41.41,14.2
194,228,AL,,H,AlphaHelix,64.05,41.37,9.0
195,229,AL,,H,AlphaHelix,63.18,41.29,26.4
196,230,TH,,H,AlphaHelix,63.33,41.78,41.3
197,231,VA,,H,AlphaHelix,63.77,43.47,72.2
198,232,TY,,H,AlphaHelix,63.72,40.94,23.7
199,233,AR,,H,AlphaHelix,63.54,42.31,57.2
200,234,AL,,H,AlphaHelix,63.74,41.03,27.9
201,235,AL,,H,AlphaHelix,64.53,40.92,24.3
202,236,AL,,H,AlphaHelix,64.66,39.81,58.4
203,237,ME,,H,AlphaHelix,66.88,24.42,90.3
204,238,LE,,H,AlphaHelix,83.88,-2.8,60.2
205,239,AS,,C,Coil,56.99,39.3,85.3
206,240,ME,,T,Turn   -,31.38,2.45,29.4
207,241,TH,,T,Turn,66.21,40.83,10.2
208,242,GL,,T,Turn   -,23.36,38.82,41.6
209,243,SE,,T,Turn   -,22.59,85.48,56.1
210,244,GL,,T,Turn,65.07,16.41,47.6
211,245,TY,,T,Turn   -,22.49,11.37,72.7
212,246,VA,,C,Coil   -,19.68,28.6,15.3
213,247,TR,,E,Strand   -,40.85,68.72,22.6
214,248,LE,,E,Strand   -,38.33,58.93,14.3
215,249,VA,,E,Strand   -,30.22,58.58,4.0
216,250,GL,,T,Turn,85.64,75.33,4.7
217,251,GL,,T,Turn,86.72,-9.13,40.5
218,252,AR,,T,Turn,70.64,33.69,30.7
219,253,GL,,T,Turn,93.52,5.11,12.6
220,254,IL,,T,Turn,75.04,99.63,55.2
221,255,SE,,C,Coil   -,56.41,62.75,48.4
222,256,GL,,H,AlphaHelix,66.53,39.5,62.8
223,257,AS,,H,AlphaHelix,64.75,41.63,70.4
224,258,AL,,H,AlphaHelix,66.5,39.47,5.3
225,259,LE,,H,AlphaHelix,68.5,23.98,68.9
226,260,AR,,H,AlphaHelix,67.08,23.33,77.0
227,261,TY,,H,AlphaHelix   -,14.22,23.39,171.6
228,262,AL,,C,Coil,70.59,42.72,23.7
229,263,PR,,C,Coil,76.86,78.2,47.2
230,264,AS,,C,Coil,79.42,77.86,38.8
231,265,GL,,C,Coil,67.39,42.22,8.8
232,266,IL,,E,Strand   -,15.51,27.37,19.1
233,267,LE,,E,Strand   -,0.95,84.66,39.3
234,268,GL,,E,Strand,85.69,70.28,14.9
235,269,LE,,E,Strand   -,17.94,46.39,24.7
236,270,GL,,E,Strand   -,36.14,48.09,80.1
237,271,LE,,E,Strand,66.99,46.78,38.8
238,272,IL,,T,Turn,64.88,44.73,75.0
239,273,AS,,T,Turn   -,37.76,18.21,39.5
240,274,GL,,T,Turn,82.77,-4.65,24.0
241,275,LY,,T,Turn,65.53,40.92,90.6
242,276,AS,,T,Turn   -,14.81,33.27,58.4
243,277,GL,,T,Turn,90.13,-2.64,32.9
244,278,SE,,T,Turn,73.45,10.6,74.7
245,279,AL,,H,AlphaHelix   -,0.75,36.2,38.4
246,280,HI,,H,AlphaHelix,69.15,20.0,12.9
247,281,IL,,H,AlphaHelix,65.65,39.29,40.3
248,282,SE,,H,AlphaHelix,64.44,42.48,54.0
249,283,AS,,H,AlphaHelix,64.1,41.1,35.1
250,284,AL,,H,AlphaHelix,63.33,42.12,28.8
251,285,VA,,H,AlphaHelix,64.0,42.64,24.0
252,286,GL,,H,AlphaHelix,63.26,41.24,38.1
253,287,VA,,H,AlphaHelix,64.57,41.61,58.9
254,288,VA,,H,AlphaHelix,63.49,42.67,59.2
255,289,AL,,H,AlphaHelix,63.69,41.81,44.2
256,290,GL,,H,AlphaHelix,63.5,42.36,52.8
257,291,AL,,H,AlphaHelix,63.65,40.93,3.6
258,292,VA,,H,AlphaHelix,64.31,42.81,41.7
259,293,HI,,H,AlphaHelix,63.14,41.0,54.3
260,294,GL,,H,AlphaHelix,65.22,41.41,58.9
261,295,LE,,H,AlphaHelix,76.8,17.87,35.2
262,296,LE,,H,AlphaHelix,63.64,25.33,70.9
263,297,GL,,H,AlphaHelix,64.85,39.65,93.8
264,298,LY,,T,Turn,67.35,43.11,59.7
265,299,GL,,T,Turn,94.65,5.03,109.1
266,300,AS,,T,Turn,97.4,32.1,65.5
267,301,IL,,T,Turn,74.79,29.07,86.0
268,302,TH,,C,Coil,94.58,59.34,44.3
269,303,AS,,C,Coil   -,2.32,17.34,91.7
270,304,PR,,C,Coil,65.33,48.91,41.4
271,305,PR,,T,Turn,66.1,47.16,58.1
272,306,AR,,T,Turn,67.42,39.31,87.8
273,307,GL,,T,Turn   -,13.13,45.91,36.8
274,308,CY,,T,Turn,65.14,39.48,73.8
275,309,VA,,T,Turn,63.64,43.15,100.0
276,310,GL,,T,Turn,82.56,55.22,59.6
277,311,AS,,T,Turn   -,20.82,44.04,17.9
278,312,TH,,C,Coil,64.77,39.37,106.1
279,313,AS,,C,Coil,66.86,46.35,87.4
280,314,IL,,C,Coil   -,3.52,32.3,89.1
281,315,TR,,C,Coil,63.64,34.75,67.8
282,316,LY,,C,Coil   -,13.44,16.83,91.8
283,317,TH,,H,AlphaHelix,89.37,2.35,37.4
284,318,GL,,H,AlphaHelix,62.89,44.36,3.8
285,319,PR,,H,AlphaHelix,59.52,38.81,79.2
286,320,LE,,H,AlphaHelix,65.11,42.57,60.9
287,321,PH,,H,AlphaHelix,64.3,40.61,67.8
288,322,LY,,H,AlphaHelix,64.19,41.9,30.4
289,323,AR,,H,AlphaHelix,63.8,40.93,62.2
290,324,VA,,H,AlphaHelix,63.77,43.13,26.4
291,325,LE,,H,AlphaHelix,63.8,41.39,38.9
292,326,ME,,H,AlphaHelix,64.49,42.59,44.5
293,327,SE,,H,AlphaHelix,66.56,40.47,97.2
294,328,SE,,C,Coil,68.56,46.94,42.3
295,329,LY,,C,Coil   -,48.49,59.26,79.1
296,330,TY,,B,Bridge   -,3.94,30.5,46.2
297,331,AL,,C,Coil,64.82,41.55,100.8
298,332,AS,,C,Coil   -,49.79,68.91,74.2
299,333,GL,,T,Turn,45.23,59.67,54.7
300,334,VA,,T,Turn,65.0,43.0,56.1
301,335,TH,,T,Turn,92.51,4.71,37.9
302,336,GL,,T,Turn,75.37,53.87,28.0
303,337,AR,,C,Coil,67.07,33.52,71.6
304,338,VA,,B,Bridge   -,21.21,26.88,48.2
305,339,GL,,C,Coil   -,33.01,10.31,50.6
306,340,PH,,B,Bridge,69.17,38.94,46.3
307,341,AS,,T,Turn,85.62,70.34,49.7
308,342,GL,,T,Turn,63.61,42.16,116.4
309,343,AS,,T,Turn,80.27,12.96,87.7
310,344,GL,,T,Turn,2.48,36.66,12.2
311,345,AS,,C,Coil   -,14.99,35.28,10.7
312,346,AR,,B,Bridge,66.95,31.26,10.4
313,347,LY,,C,Coil,94.9,57.64,64.2
314,348,PH,,C,Coil,64.92,43.44,44.4
315,349,AL,,C,Coil,56.28,35.77,43.5
316,350,AS,,E,Strand   -,20.68,27.04,39.9
317,351,TY,,E,Strand   -,53.67,37.27,18.9
318,352,SE,,E,Strand,94.67,29.58,27.6
319,353,IL,,E,Strand,92.8,21.42,32.8
320,354,ME,,E,Strand   -,13.51,24.84,26.2
321,355,AS,,E,Strand,97.6,47.31,24.6
322,356,LE,,E,Strand   -,1.19,25.11,23.6
323,357,GL,,E,Strand   -,52.86,29.36,53.2
324,358,AS,,T,Turn,54.65,40.78,99.7
325,359,AR,,T,Turn,56.9,35.27,107.0
326,360,LY,,E,Strand   -,35.11,47.07,57.4
327,361,LE,,E,Strand   -,1.29,23.36,88.3
328,362,VA,,E,Strand   -,17.91,25.0,51.6
329,363,GL,,E,Strand,83.55,96.17,70.5
330,364,VA,,E,Strand,90.08,84.24,20.7
331,365,GL,,E,Strand,73.07,73.17,14.2
332,366,IL,,E,Strand   -,55.12,42.43,52.8
333,367,TY,,E,Strand,99.52,19.88,22.6
334,368,AS,,E,Strand   -,19.15,31.92,68.1
335,369,GL,,T,Turn,74.72,21.4,31.5
336,370,TH,,T,Turn,56.67,61.14,61.3
337,371,HI,,T,Turn   -,39.98,68.51,136.9
338,372,VA,,C,Coil,69.3,50.46,87.4
339,373,IL,,C,Coil,96.01,54.75,46.1
340,374,PR,,C,Coil,66.37,50.3,66.2
341,375,AS,,T,Turn,87.41,61.39,102.1
342,376,AS,,T,Turn,65.14,40.77,72.3
343,377,AR,,T,Turn   -,46.57,60.15,55.7
344,378,LY,,T,Turn,84.62,27.37,97.6
345,379,IL,,C,Coil,73.34,32.28,58.8
346,380,IL,,C,Coil   -,14.8,24.81,62.7
347,381,TR,,T,Turn,69.58,51.03,20.3
348,382,PR,,T,Turn,60.71,30.26,32.7
349,383,GL,,T,Turn,64.61,39.42,46.4
350,384,GL,,T,Turn,28.75,4.85,70.8
351,385,GL,,C,Coil,99.8,28.98,58.2
352,386,TH,,C,Coil,63.69,42.55,89.3
353,387,GL,,C,Coil,70.55,45.41,76.7
354,388,LY,,C,Coil,72.6,23.7,56.0
355,389,PR,,C,Coil,66.94,50.48,38.8
356,390,AR,,T,Turn,68.68,40.35,66.0
357,391,GL,,T,Turn,65.75,44.03,5.5
358,392,TY,,B,Bridge,97.72,88.84,64.5
359,393,GL,,T,Turn   -,36.98,53.01,53.7
360,394,ME,,C,Coil,56.83,61.07,101.1
361,395,SE,,C,Coil   -,37.16,92.41,66.8
362,396,TH,,C,Coil   -,16.56,52.37,63.5
363,397,AR,,E,Strand,72.64,40.73,85.8
364,398,LE,,E,Strand   -,49.36,45.25,16.8
365,399,LY,,E,Strand,89.4,50.75,21.3
366,400,IL,,E,Strand   -,25.15,30.6,4.6
367,401,VA,,E,Strand   -,3.58,27.25,1.6
368,402,TH,,C,Coil   -,35.21,37.02,14.2
369,403,IL,,T,Turn,84.74,33.42,15.7
370,404,HI,,T,Turn,74.63,74.98,59.7
371,405,GL,,T,Turn,99.04,21.68,14.9
372,406,GL,,T,Turn,55.8,44.93,53.0
373,407,PR,,T,Turn,60.79,27.1,17.8
374,408,PH,,T,Turn   -,5.24,54.65,8.6
375,409,VA,,E,Strand   -,33.18,6.55,2.1
376,410,TY,,E,Strand,71.0,46.24,63.8
377,411,VA,,E,Strand   -,22.98,27.26,65.5
378,412,LY,,E,Strand   -,57.32,43.42,36.8
379,413,PR,,E,Strand,61.1,44.58,111.3
380,414,TH,,C,Coil,81.43,75.14,29.8
381,415,LE,,T,Turn,81.03,79.11,60.2
382,416,SE,,T,Turn,64.7,40.73,115.1
383,417,AS,,T,Turn,69.39,17.18,103.4
384,418,GL,,T,Turn,98.25,2.21,40.2
385,419,TH,,C,Coil   -,13.41,28.17,69.2
386,420,CY,,C,Coil,67.93,39.79,58.5
387,421,LY,,C,Coil,67.26,37.51,81.8
388,422,GL,,C,Coil,68.7,37.45,92.5
389,423,GL,,C,Coil   -,13.13,27.14,68.7
390,424,PH,,C,Coil,97.49,28.66,94.2
391,425,TH,,B,Bridge,87.51,72.26,62.5
392,426,VA,,T,Turn,65.14,43.22,117.7
393,427,AS,,T,Turn   -,7.37,34.86,99.8
394,428,GL,,B,Bridge,70.58,43.38,32.7
395,429,AS,,C,Coil,53.51,71.88,90.4
396,430,PR,,C,Coil,64.47,47.58,83.4
397,431,VA,,T,Turn,71.07,32.69,44.6
398,432,LY,,T,Turn,84.61,75.45,72.8
399,433,LY,,T,Turn,67.25,43.39,36.9
400,434,VA,,E,Strand   -,18.29,77.56,37.4
401,435,IL,,E,Strand,94.44,20.63,65.5
402,436,CY,,E,Strand   -,11.03,29.94,4.4
403,437,TH,,E,Strand,85.79,73.74,54.7
404,438,GL,,C,Coil   -,9.81,48.15,8.3
405,439,PR,,T,Turn,63.4,47.61,28.3
406,440,AS,,T,Turn,64.47,43.21,74.0
407,441,AS,,T,Turn   -,0.13,4.19,53.3
408,442,TH,,T,Turn,55.13,39.28,67.9
409,443,SE,,T,Turn,53.59,56.9,53.4
410,444,PR,,T,Turn,85.53,52.5,82.8
411,445,GL,,T,Turn,88.49,-7.11,85.1
412,446,SE,,T,Turn   -,39.08,54.78,70.1
413,447,PR,,C,Coil,63.5,44.92,109.8
414,448,AR,,C,Coil   -,33.26,45.36,33.1
415,449,HI,,C,Coil,70.7,46.98,72.4
416,450,TH,,C,Coil,85.17,63.28,104.0
417,451,VA,,C,Coil,70.49,31.69,55.8
418,452,PR,,E,Strand,68.95,16.84,66.8
419,453,GL,,E,Strand   -,0.52,76.57,18.9
420,454,CY,,E,Strand,95.15,31.68,6.0
421,455,CY,,E,Strand   -,15.52,12.52,11.2
422,456,TY,,E,Strand   -,50.89,57.04,69.4
423,457,GL,,E,Strand,43.84,60.88,2.7
424,458,PH,,H,AlphaHelix,66.66,50.15,24.0
425,459,CY,,H,AlphaHelix,65.04,41.05,5.2
426,460,IL,,H,AlphaHelix,64.39,42.95,16.7
427,461,AS,,H,AlphaHelix,63.61,41.46,34.8
428,462,LE,,H,AlphaHelix,63.4,42.65,34.1
429,463,LE,,H,AlphaHelix,63.72,41.02,17.3
430,464,IL,,H,AlphaHelix,64.28,42.94,23.0
431,465,LY,,H,AlphaHelix,63.33,42.33,40.5
432,466,LE,,H,AlphaHelix,63.44,42.16,34.3
433,467,AL,,H,AlphaHelix,64.44,41.05,11.8
434,468,AR,,H,AlphaHelix,64.52,40.8,81.6
435,469,TH,,H,AlphaHelix,66.0,40.33,77.3
436,470,ME,,H,AlphaHelix,93.94,1.04,36.4
437,471,AS,,C,Coil,55.59,43.58,90.7
438,472,PH,,C,Coil   -,3.85,51.53,60.1
439,473,TH,,E,Strand   -,5.24,29.57,57.2
440,474,TY,,E,Strand   -,30.13,55.15,76.3
441,475,GL,,E,Strand   -,32.82,89.63,62.7
442,476,VA,,E,Strand,74.9,36.55,13.8
443,477,HI,,E,Strand   -,48.5,58.49,40.7
444,478,LE,,C,Coil,86.94,74.87,21.1
445,479,VA,,T,Turn   -,20.2,28.77,18.4
446,480,AL,,T,Turn,63.81,42.62,57.4
447,481,AS,,T,Turn,64.78,42.41,83.9
448,482,GL,,T,Turn,83.5,-2.93,28.1
449,483,LY,,C,Coil,74.84,55.54,17.7
450,484,PH,,C,Coil,85.65,-5.28,32.9
451,485,GL,,C,Coil,6.75,29.31,0.0
452,486,TH,,E,Strand   -,55.22,71.34,14.6
453,487,GL,,E,Strand   -,12.01,92.07,96.6
454,488,GL,,E,Strand,98.99,75.18,55.0
455,489,AR,,T,Turn,74.73,60.0,141.7
456,496,LY,,T,Turn,60.0,14.52,114.2
457,497,GL,,E,Strand   -,19.24,35.13,67.0
458,498,TR,,E,Strand,73.46,16.96,27.6
459,499,AS,,E,Strand   -,5.23,13.73,56.2
460,500,GL,,C,Coil,34.65,47.14,24.0
461,501,ME,,G,310Helix,69.1,34.91,1.0
462,502,ME,,G,310Helix,63.21,27.04,3.6
463,503,GL,,G,310Helix,72.5,20.82,13.4
464,504,GL,,G,310Helix,69.39,25.41,46.5
465,505,LE,,G,310Helix,90.82,2.33,2.8
466,506,LE,,T,Turn   -,24.54,29.27,60.3
467,507,SE,,T,Turn,67.41,36.0,76.8
468,508,GL,,T,Turn,17.4,1.51,28.9
469,509,GL,,C,Coil,74.88,13.6,129.5
470,510,AL,,C,Coil   -,54.93,62.6,5.7
471,511,AS,,C,Coil   -,9.43,23.11,24.9
472,512,ME,,B,Bridge   -,30.25,55.37,26.9
473,513,IL,,C,Coil   -,21.18,30.7,14.4
474,514,VA,,C,Coil,60.04,7.09,11.4
475,515,AL,,C,Coil   -,75.07,61.63,1.6
476,516,PR,,C,Coil,65.5,12.56,6.2
477,517,LE,,C,Coil   -,52.88,23.58,11.7
478,518,TH,,C,Coil,67.16,46.24,17.3
479,519,IL,,C,Coil,97.3,26.37,30.5
480,520,AS,,T,Turn   -,18.14,73.55,13.3
481,521,AS,,T,Turn,88.32,1.91,101.8
482,522,GL,,T,Turn   -,0.67,38.52,20.2
483,523,AR,,T,Turn,73.58,13.49,15.4
484,524,AL,,T,Turn,91.4,4.11,48.7
485,525,GL,,T,Turn,65.29,41.42,70.3
486,526,TY,,T,Turn   -,25.05,36.59,108.4
487,527,IL,,T,Turn   -,4.65,34.52,16.3
488,528,GL,,B,Bridge,94.37,37.48,62.8
489,529,PH,,C,Coil,98.25,9.06,54.8
490,530,SE,,C,Coil,60.26,29.58,23.3
491,531,LY,,C,Coil   -,14.4,47.19,107.6
492,532,PR,,E,Strand,70.69,54.57,21.9
493,533,PH,,E,Strand   -,15.72,11.42,20.7
494,534,LY,,E,Strand   -,52.63,15.92,27.7
495,535,TY,,E,Strand,93.48,38.5,152.0
496,536,GL,,E,Strand   -,48.57,52.2,15.7
497,537,GL,,E,Strand   -,11.13,38.58,2.3
498,538,LE,,E,Strand,71.76,23.85,18.0
499,539,TH,,E,Strand   -,33.75,53.43,7.9
500,540,IL,,E,Strand,94.14,37.19,8.5
501,541,LE,,E,Strand   -,22.37,36.42,7.2
502,542,VA,,E,Strand   -,32.73,60.84,30.0
503,543,LY,,E,Strand,67.11,39.0,52.0
504,544,LY,,C,Coil,67.74,42.9,53.7
505,545,GL,,C,Coil,76.84,60.0,127.8
506,552,AS,,C,Coil,60.0,64.07,55.2
507,553,SE,,T,Turn,67.1,48.43,56.1
508,554,PH,,T,Turn,62.66,43.27,64.8
509,555,ME,,T,Turn,85.23,27.72,35.3
510,556,GL,,T,Turn,52.32,16.48,25.3
511,557,PR,,T,Turn,64.21,33.01,39.1
512,558,PH,,T,Turn,73.04,44.25,21.5
513,559,GL,,C,Coil   -,17.28,75.58,48.0
514,560,SE,,H,AlphaHelix,61.6,43.18,85.2
515,561,TH,,H,AlphaHelix,64.09,42.5,108.2
516,562,LE,,H,AlphaHelix,64.88,42.23,86.1
517,563,TR,,H,AlphaHelix,63.74,41.64,136.1
518,564,LE,,H,AlphaHelix,63.1,41.4,63.8
519,565,LE,,H,AlphaHelix,65.2,41.64,111.8
520,566,VA,,H,AlphaHelix,74.34,25.06,58.6
521,567,GL,,H,AlphaHelix,82.76,23.19,33.3
522,568,LE,,H,AlphaHelix,90.72,-6.39,58.6
523,569,SE,,H,AlphaHelix,94.31,1.19,35.5
524,570,VA,,H,AlphaHelix   -,4.14,33.14,13.2
525,571,HI,,H,AlphaHelix,73.1,37.67,99.9
526,572,VA,,H,AlphaHelix,65.3,45.34,86.7
527,573,VA,,H,AlphaHelix,66.88,36.19,44.2
528,574,AL,,H,AlphaHelix,64.37,45.84,9.6
529,575,VA,,H,AlphaHelix,70.18,33.28,88.7
530,576,ME,,H,AlphaHelix,63.64,43.31,58.7
531,577,LE,,H,AlphaHelix,64.91,39.57,39.5
532,578,TY,,H,AlphaHelix,63.12,42.57,17.2
533,579,LE,,H,AlphaHelix,65.36,40.86,72.7
534,580,LE,,H,AlphaHelix,64.63,41.31,74.0
535,581,AS,,H,AlphaHelix,64.99,41.13,66.7
536,582,AR,,H,AlphaHelix,76.75,60.0,120.4
537,603,LE,,C,Coil,60.0,41.33,77.9
538,604,SE,,H,AlphaHelix,64.66,40.79,107.1
539,605,SE,,H,AlphaHelix,63.38,42.27,94.5
540,606,AL,,H,AlphaHelix,63.77,41.79,23.8
541,607,ME,,H,AlphaHelix,63.92,41.74,43.1
542,608,TR,,H,AlphaHelix,64.48,41.22,158.2
543,609,PH,,H,AlphaHelix,63.41,40.87,131.1
544,610,SE,,H,AlphaHelix,64.47,41.53,14.1
545,611,TR,,H,AlphaHelix,65.98,28.65,159.9
546,612,GL,,H,AlphaHelix,78.9,-0.08,18.3
547,613,VA,,T,Turn,94.32,45.88,43.9
548,614,LE,,T,Turn,81.15,-7.47,61.3
549,615,LE,,T,Turn   -,28.0,12.48,70.6
550,616,AS,,T,Turn,58.13,34.81,128.7
551,617,SE,,C,Coil,58.46,30.07,130.2
552,618,GL,,C,Coil,95.41,60.0,45.7
553,626,SE,,T,Turn,60.0,70.53,137.6
554,627,PH,,T,Turn   -,12.25,17.08,175.5
555,628,SE,,T,Turn,67.55,16.27,71.2
556,629,AL,,T,Turn,64.34,41.25,83.3
557,630,AR,,T,Turn   -,31.37,4.3,71.4
558,631,IL,,H,AlphaHelix   -,23.23,58.89,114.7
559,632,LE,,H,AlphaHelix,74.84,26.12,33.8
560,633,GL,,H,AlphaHelix,64.75,36.65,32.1
561,634,ME,,H,AlphaHelix,62.7,43.15,149.4
562,635,VA,,H,AlphaHelix,80.7,25.37,95.2
563,636,TR,,H,AlphaHelix,68.43,35.02,29.9
564,637,AL,,H,AlphaHelix,62.82,42.65,45.1
565,638,GL,,H,AlphaHelix,64.45,39.24,36.2
566,639,PH,,H,AlphaHelix,61.53,43.29,93.7
567,640,AL,,H,AlphaHelix,63.16,42.56,8.6
568,641,ME,,H,AlphaHelix,61.51,43.15,54.7
569,642,IL,,H,AlphaHelix,64.52,43.52,119.3
570,643,IL,,H,AlphaHelix,69.74,37.87,48.1
571,644,VA,,H,AlphaHelix,69.6,35.37,81.0
572,645,AL,,H,AlphaHelix,63.34,42.61,50.4
573,646,SE,,H,AlphaHelix,64.57,39.03,68.0
574,647,TY,,H,AlphaHelix,61.53,45.5,93.2
575,648,TH,,H,AlphaHelix,63.43,41.99,81.6
576,649,AL,,H,AlphaHelix,63.28,43.45,61.5
577,650,AS,,H,AlphaHelix,66.85,38.46,89.7
578,651,LE,,H,AlphaHelix,64.09,41.68,43.3
579,652,AL,,H,AlphaHelix,63.63,40.73,53.0
580,653,AL,,H,AlphaHelix,63.48,40.25,59.9
581,654,PH,,H,AlphaHelix,65.98,38.93,110.7
582,655,LE,,H,AlphaHelix,71.14,23.2,91.8
583,656,VA,,H,AlphaHelix,93.78,10.46,113.6
584,657,LE,,T,Turn,83.12,82.76,71.2
585,658,AS,,T,Turn,68.8,42.91,90.8
586,659,AR,,C,Coil,71.85,28.96,72.8
587,660,PR,,T,Turn,68.82,13.77,118.2
588,661,GL,,T,Turn   -,2.73,24.21,50.9
589,662,GL,,T,Turn,85.51,61.33,80.0
590,663,AR,,T,Turn,66.61,39.19,80.9
591,664,IL,,T,Turn   -,13.63,23.59,12.5
592,665,TH,,T,Turn,92.95,54.62,87.7
593,666,GL,,T,Turn,77.79,61.32,5.4
594,667,IL,,T,Turn,69.23,17.44,48.3
595,668,AS,,T,Turn,82.97,-1.12,82.3
596,669,AS,,T,Turn,68.73,23.08,18.0
597,670,PR,,H,AlphaHelix,62.46,31.36,97.3
598,671,AR,,H,AlphaHelix,66.03,38.37,55.5
599,672,LE,,H,AlphaHelix,83.95,37.33,20.6
600,673,AR,,H,AlphaHelix,63.81,43.13,36.3
601,674,AS,,C,Coil,80.87,22.85,55.9
602,675,PR,,C,Coil,64.82,45.62,60.2
603,676,SE,,T,Turn   -,41.37,56.93,65.5
604,677,AS,,T,Turn,64.69,43.19,109.4
605,678,LY,,T,Turn,67.45,41.66,92.1
606,679,PH,,T,Turn,72.81,38.81,52.4
607,680,IL,,C,Coil   -,28.95,25.06,41.6
608,681,TY,,C,Coil,83.3,62.03,30.7
609,682,AL,,C,Coil   -,57.57,38.84,8.5
610,683,TH,,C,Coil   -,58.27,63.45,9.8
611,684,VA,,B,Bridge,76.58,25.79,8.0
612,685,LY,,T,Turn,72.5,47.67,20.7
613,686,GL,,T,Turn,55.92,46.82,32.2
614,687,SE,,T,Turn   -,27.49,72.71,6.8
615,688,SE,,H,AlphaHelix,70.68,14.74,8.4
616,689,VA,,H,AlphaHelix,64.67,43.26,4.5
617,690,AS,,H,AlphaHelix,64.24,39.36,15.5
618,691,IL,,H,AlphaHelix,64.66,43.34,46.0
619,692,TY,,H,AlphaHelix,64.57,42.5,52.9
620,693,PH,,H,AlphaHelix,68.16,36.81,21.8
621,694,AR,,H,AlphaHelix,87.74,-1.05,64.4
622,695,AR,,T,Turn,71.89,31.54,72.4
623,696,GL,,T,Turn   -,27.19,51.18,63.9
624,697,VA,,T,Turn,74.63,14.82,124.1
625,698,GL,,T,Turn,63.12,40.73,80.0
626,699,LE,,T,Turn,97.27,12.31,27.9
627,700,SE,,H,AlphaHelix,63.34,41.14,53.0
628,701,TH,,H,AlphaHelix,70.24,19.17,88.2
629,702,ME,,H,AlphaHelix,92.9,-0.65,8.2
630,703,TY,,H,AlphaHelix   -,9.77,54.9,59.0
631,704,AR,,H,AlphaHelix,66.62,40.9,78.5
632,705,HI,,H,AlphaHelix,73.78,16.62,63.7
633,706,ME,,T,Turn   -,30.06,47.56,19.8
634,707,GL,,T,Turn   -,8.07,25.8,40.1
635,708,LY,,T,Turn,69.23,12.73,94.1
636,709,HI,,T,Turn,99.41,10.42,88.7
637,710,AS,,T,Turn,71.51,58.8,53.9
638,711,TY,,B,Bridge   -,14.32,40.66,55.6
639,712,GL,,C,Coil,80.1,15.28,76.6
640,713,SE,,C,Coil   -,39.45,49.02,54.4
641,714,AL,,H,AlphaHelix,69.55,34.85,23.0
642,715,AL,,H,AlphaHelix,63.1,41.03,76.6
643,716,GL,,H,AlphaHelix,63.38,41.42,42.0
644,717,AL,,H,AlphaHelix,63.82,41.54,0.0
645,718,IL,,H,AlphaHelix,63.6,43.44,48.1
646,719,GL,,H,AlphaHelix,62.86,40.76,65.2
647,720,AL,,H,AlphaHelix,65.4,41.59,19.5
648,721,VA,,H,AlphaHelix,75.24,22.78,5.2
649,722,AR,,H,AlphaHelix,69.4,24.4,138.6
650,723,AS,,H,AlphaHelix,97.18,14.98,77.6
651,724,AS,,C,Coil,58.92,32.1,86.8
652,725,LY,,C,Coil   -,0.01,4.78,67.0
653,726,LE,,C,Coil   -,37.87,37.24,10.9
654,727,HI,,C,Coil,63.69,62.42,34.1
655,728,AL,,E,Strand   -,55.81,58.1,11.8
656,729,PH,,E,Strand   -,29.24,36.94,4.4
657,730,IL,,E,Strand   -,38.34,79.66,27.1
658,731,TR,,C,Coil,59.85,30.86,16.2
659,732,AS,,C,Coil   -,39.95,47.35,13.6
660,733,SE,,H,AlphaHelix,57.94,30.37,23.5
661,734,AL,,H,AlphaHelix,59.84,42.03,12.2
662,735,VA,,H,AlphaHelix,94.02,19.84,22.1
663,736,LE,,H,AlphaHelix,75.56,24.92,13.0
664,737,GL,,H,AlphaHelix,73.28,10.32,91.5
665,738,PH,,H,AlphaHelix   -,11.12,34.74,16.5
666,739,GL,,H,AlphaHelix,65.4,41.55,25.1
667,740,AL,,H,AlphaHelix,73.54,13.51,32.0
668,741,SE,,H,AlphaHelix   -,0.5,57.53,30.8
669,742,GL,,H,AlphaHelix,70.12,48.3,50.4
670,743,LY,,H,AlphaHelix,75.6,30.13,41.1
671,744,CY,,C,Coil,40.12,51.6,52.3
672,745,AS,,C,Coil   -,22.39,12.7,38.9
673,746,LE,,E,Strand   -,32.22,56.59,25.4
674,747,VA,,E,Strand   -,13.28,50.65,50.4
675,748,TH,,E,Strand   -,18.32,27.72,67.9
676,749,TH,,E,Strand   -,33.01,71.01,28.2
677,750,GL,,E,Strand,95.26,56.25,33.1
678,751,GL,,E,Strand,78.79,66.22,70.3
679,752,LE,,E,Strand,91.19,2.89,81.2
680,753,PH,,E,Strand,89.23,-3.4,56.3
681,754,PH,,E,Strand   -,47.68,95.92,48.8
682,755,AR,,E,Strand,85.17,92.86,169.5
683,756,SE,,E,Strand   -,11.27,42.84,7.5
684,757,GL,,E,Strand   -,10.15,24.38,10.9
685,758,PH,,E,Strand,63.37,31.0,16.4
686,759,GL,,E,Strand   -,20.54,73.87,4.8
687,760,IL,,C,Coil   -,7.0,94.32,15.9
688,761,GL,,C,Coil,79.7,42.26,9.0
689,762,ME,,C,Coil   -,35.82,69.83,8.0
690,763,AR,,B,Bridge,70.72,57.07,58.2
691,764,LY,,T,Turn,66.53,31.29,47.0
692,765,AS,,T,Turn,55.31,39.06,90.5
693,766,SE,,T,Turn,69.71,38.78,25.8
694,767,PR,,C,Coil,74.73,-7.86,109.5
695,768,TR,,H,AlphaHelix,97.14,8.48,61.9
696,769,LY,,H,AlphaHelix,63.64,41.39,40.3
697,770,GL,,H,AlphaHelix,64.12,43.41,64.8
698,771,AS,,H,AlphaHelix,64.89,45.07,47.7
699,772,VA,,H,AlphaHelix,68.3,35.43,25.3
700,773,SE,,H,AlphaHelix,63.87,43.55,22.4
701,774,LE,,H,AlphaHelix,63.53,41.02,118.8
702,775,SE,,H,AlphaHelix,64.33,41.95,38.1
703,776,IL,,H,AlphaHelix,71.58,26.87,14.5
704,777,LE,,H,AlphaHelix,74.27,40.33,92.9
705,778,LY,,H,AlphaHelix,65.17,29.32,49.2
706,779,SE,,H,AlphaHelix,62.78,40.56,25.1
707,780,HI,,H,AlphaHelix,74.62,28.39,78.6
708,781,GL,,H,AlphaHelix,63.52,43.53,88.6
709,782,AS,,H,AlphaHelix,95.13,1.56,116.4
710,783,GL,,C,Coil,72.46,23.9,25.5
711,784,PH,,H,AlphaHelix,64.05,42.08,90.3
712,785,ME,,H,AlphaHelix,63.84,41.02,16.1
713,786,GL,,H,AlphaHelix,63.37,40.3,67.2
714,787,AS,,H,AlphaHelix,63.0,42.84,50.0
715,788,LE,,H,AlphaHelix,63.21,41.76,23.7
716,789,AS,,H,AlphaHelix,63.07,43.58,44.1
717,790,LY,,H,AlphaHelix,65.87,31.62,65.5
718,791,TH,,H,AlphaHelix,74.11,36.59,89.6
719,792,TR,,H,AlphaHelix,88.24,58.04,58.7
720,793,VA,,H,AlphaHelix,63.93,44.42,53.4
721,794,AR,,H,AlphaHelix,65.17,38.84,67.4
722,795,TY,,H,AlphaHelix,63.13,43.18,85.1
723,796,GL,,C,Coil,93.4,75.71,29.6
724,797,GL,,C,Coil   -,29.97,67.85,59.1
725,798,CY,,C,Coil   -,60.29,78.42,68.3
726,799,AS,,C,Coil,70.93,60.0,129.1
727,807,TH,,C,Coil,60.0,33.65,164.7
728,808,LE,,C,Coil,68.92,39.08,89.2
729,809,TH,,C,Coil   -,49.44,65.67,84.6
730,810,PH,,H,AlphaHelix,68.9,13.98,161.6
731,811,GL,,H,AlphaHelix,63.22,41.42,52.7
732,812,AS,,H,AlphaHelix,96.62,2.51,56.2
733,813,ME,,H,AlphaHelix   -,18.44,47.33,34.5
734,814,AL,,H,AlphaHelix,75.7,17.22,42.0
735,815,GL,,H,AlphaHelix,64.51,46.81,23.3
736,816,VA,,H,AlphaHelix,67.27,35.95,83.2
737,817,PH,,H,AlphaHelix,63.47,43.65,139.1
738,818,ME,,H,AlphaHelix,63.68,40.65,63.3
739,819,LE,,H,AlphaHelix,63.09,44.93,129.8
740,820,VA,,H,AlphaHelix,70.27,34.75,95.5
741,821,AL,,H,AlphaHelix,63.18,41.29,68.2
742,822,GL,,H,AlphaHelix,67.03,38.74,50.6
743,823,GL,,H,AlphaHelix,74.74,18.84,40.7
744,824,IL,,H,AlphaHelix,62.95,39.41,54.9
745,825,VA,,H,AlphaHelix,63.58,43.92,58.0
746,826,AL,,H,AlphaHelix,62.84,40.56,65.5
747,827,GL,,H,AlphaHelix,64.39,44.68,41.4
748,828,IL,,H,AlphaHelix,68.57,34.98,95.3
749,829,PH,,H,AlphaHelix,64.17,41.81,56.1
750,830,LE,,H,AlphaHelix,64.6,38.98,60.7
751,831,IL,,H,AlphaHelix,63.23,43.59,48.9
752,832,PH,,H,AlphaHelix,63.42,40.67,136.7
753,833,IL,,H,AlphaHelix,63.31,42.7,62.7
754,834,GL,,H,AlphaHelix,63.88,41.0,60.1
755,835,IL,,H,AlphaHelix,63.29,43.2,113.7
756,836,AL,,H,AlphaHelix,63.4,41.37,60.3
757,837,TY,,H,AlphaHelix,63.73,41.63,179.9
758,838,LY,,H,AlphaHelix,64.5,40.66,68.4
759,839,AR,,H,AlphaHelix,64.66,40.62,87.9
760,840,HI,,H,AlphaHelix,83.49,-3.67,91.5
761,841,LY,,C,Coil,71.88,60.0,103.9
